{
	"credit": "Made with Blockbench",
	"texture_size": [32, 32],
	"textures": {
		"0": "item/common",
		"particle": "item/common"
	},
	"elements": [
		{
			"from": [3, 0, 3],
			"to": [13, 8, 13],
			"rotation": {"angle": 0, "axis": "y", "origin": [7, 2, 7]},
			"faces": {
				"north": {"uv": [5, 8, 10, 12], "texture": "#0"},
				"east": {"uv": [5, 8, 10, 12], "texture": "#0"},
				"south": {"uv": [5, 8, 10, 12], "texture": "#0"},
				"west": {"uv": [5, 8, 10, 12], "texture": "#0"},
				"up": {"uv": [5, 5, 0, 0], "texture": "#0"},
				"down": {"uv": [5, 5, 0, 10], "texture": "#0"}
			}
		},
		{
			"from": [4, 8, 4],
			"to": [12, 10, 12],
			"rotation": {"angle": 0, "axis": "y", "origin": [7, 7, 7]},
			"faces": {
				"north": {"uv": [10, 10, 14, 11], "texture": "#0"},
				"east": {"uv": [10, 10, 14, 11], "texture": "#0"},
				"south": {"uv": [10, 10, 14, 11], "texture": "#0"},
				"west": {"uv": [10, 10, 14, 11], "texture": "#0"},
				"up": {"uv": [14, 4, 10, 0], "texture": "#0"},
				"down": {"uv": [14, 4, 10, 8], "texture": "#0"}
			}
		}
	],
	"display": {
		"head": {
			"translation": [0, -17, 0],
			"scale": [2, 2, 2]
		}
	},
	"groups": [
		{
			"name": "group",
			"origin": [8, 8, 8],
			"color": 0,
			"children": [0, 1]
		}
	]
}