{
	"credit": "Made with Blockbench",
	"texture_size": [128, 128],
	"textures": {
		"0": "gachamachine:block/gacha_machine",
		"particle": "gachamachine:block/gacha_machine"
	},
	"elements": [
		{
			"name": "upper half",
			"from": [2, 13, 10.75],
			"to": [5, 15, 13.75],
			"rotation": {"angle": 22.5, "axis": "y", "origin": [3.5, 13.25, 12.25]},
			"faces": {
				"north": {"uv": [0.375, 11.375, 0.75, 11.625], "texture": "#0"},
				"east": {"uv": [0, 11.375, 0.375, 11.625], "texture": "#0"},
				"south": {"uv": [1.125, 11.375, 1.5, 11.625], "texture": "#0"},
				"west": {"uv": [0.75, 11.375, 1.125, 11.625], "texture": "#0"},
				"up": {"uv": [0.75, 11.375, 0.375, 11], "texture": "#0"},
				"down": {"uv": [1.125, 11, 0.75, 11.375], "texture": "#0"}
			}
		},
		{
			"name": "bottom half",
			"from": [2, 12, 10.75],
			"to": [5, 13, 13.75],
			"rotation": {"angle": 22.5, "axis": "y", "origin": [3.5, 13.25, 12.25]},
			"faces": {
				"north": {"uv": [0.375, 12.25, 0.75, 12.375], "texture": "#0"},
				"east": {"uv": [0, 12.25, 0.375, 12.375], "texture": "#0"},
				"south": {"uv": [1.125, 12.25, 1.5, 12.375], "texture": "#0"},
				"west": {"uv": [0.75, 12.25, 1.125, 12.375], "texture": "#0"},
				"up": {"uv": [0.75, 12.25, 0.375, 11.875], "texture": "#0"},
				"down": {"uv": [1.125, 11.875, 0.75, 12.25], "texture": "#0"}
			}
		},
		{
			"name": "upper half",
			"from": [11, 13, 8],
			"to": [14, 15, 11],
			"rotation": {"angle": -22.5, "axis": "y", "origin": [12.5, 13.25, 9.5]},
			"faces": {
				"north": {"uv": [0.375, 11.375, 0.75, 11.625], "texture": "#0"},
				"east": {"uv": [0, 11.375, 0.375, 11.625], "texture": "#0"},
				"south": {"uv": [1.125, 11.375, 1.5, 11.625], "texture": "#0"},
				"west": {"uv": [0.75, 11.375, 1.125, 11.625], "texture": "#0"},
				"up": {"uv": [0.75, 11.375, 0.375, 11], "texture": "#0"},
				"down": {"uv": [1.125, 11, 0.75, 11.375], "texture": "#0"}
			}
		},
		{
			"name": "bottom half",
			"from": [11, 12, 8],
			"to": [14, 13, 11],
			"rotation": {"angle": -22.5, "axis": "y", "origin": [12.5, 13.25, 9.5]},
			"faces": {
				"north": {"uv": [0.375, 12.25, 0.75, 12.375], "texture": "#0"},
				"east": {"uv": [0, 12.25, 0.375, 12.375], "texture": "#0"},
				"south": {"uv": [1.125, 12.25, 1.5, 12.375], "texture": "#0"},
				"west": {"uv": [0.75, 12.25, 1.125, 12.375], "texture": "#0"},
				"up": {"uv": [0.75, 12.25, 0.375, 11.875], "texture": "#0"},
				"down": {"uv": [1.125, 11.875, 0.75, 12.25], "texture": "#0"}
			}
		},
		{
			"name": "upper half",
			"from": [6.5, 13, 5],
			"to": [9.5, 15, 8],
			"rotation": {"angle": 0, "axis": "y", "origin": [8, 13.25, 6.5]},
			"faces": {
				"north": {"uv": [0.375, 11.375, 0.75, 11.625], "texture": "#0"},
				"east": {"uv": [0, 11.375, 0.375, 11.625], "texture": "#0"},
				"south": {"uv": [1.125, 11.375, 1.5, 11.625], "texture": "#0"},
				"west": {"uv": [0.75, 11.375, 1.125, 11.625], "texture": "#0"},
				"up": {"uv": [0.75, 11.375, 0.375, 11], "texture": "#0"},
				"down": {"uv": [1.125, 11, 0.75, 11.375], "texture": "#0"}
			}
		},
		{
			"name": "bottom half",
			"from": [6.5, 12, 5],
			"to": [9.5, 13, 8],
			"rotation": {"angle": 0, "axis": "y", "origin": [8, 13.25, 6.5]},
			"faces": {
				"north": {"uv": [0.375, 12.25, 0.75, 12.375], "texture": "#0"},
				"east": {"uv": [0, 12.25, 0.375, 12.375], "texture": "#0"},
				"south": {"uv": [1.125, 12.25, 1.5, 12.375], "texture": "#0"},
				"west": {"uv": [0.75, 12.25, 1.125, 12.375], "texture": "#0"},
				"up": {"uv": [0.75, 12.25, 0.375, 11.875], "texture": "#0"},
				"down": {"uv": [1.125, 11.875, 0.75, 12.25], "texture": "#0"}
			}
		},
		{
			"name": "upper half",
			"from": [11.25, 16, 3.75],
			"to": [14.25, 18, 6.75],
			"rotation": {"angle": -22.5, "axis": "y", "origin": [12.75, 16.25, 5.25]},
			"faces": {
				"north": {"uv": [0.375, 11.375, 0.75, 11.625], "texture": "#0"},
				"east": {"uv": [0, 11.375, 0.375, 11.625], "texture": "#0"},
				"south": {"uv": [1.125, 11.375, 1.5, 11.625], "texture": "#0"},
				"west": {"uv": [0.75, 11.375, 1.125, 11.625], "texture": "#0"},
				"up": {"uv": [0.75, 11.375, 0.375, 11], "texture": "#0"},
				"down": {"uv": [1.125, 11, 0.75, 11.375], "texture": "#0"}
			}
		},
		{
			"name": "bottom half",
			"from": [11.25, 15, 3.75],
			"to": [14.25, 16, 6.75],
			"rotation": {"angle": -22.5, "axis": "y", "origin": [12.75, 16.25, 5.25]},
			"faces": {
				"north": {"uv": [0.375, 12.25, 0.75, 12.375], "texture": "#0"},
				"east": {"uv": [0, 12.25, 0.375, 12.375], "texture": "#0"},
				"south": {"uv": [1.125, 12.25, 1.5, 12.375], "texture": "#0"},
				"west": {"uv": [0.75, 12.25, 1.125, 12.375], "texture": "#0"},
				"up": {"uv": [0.75, 12.25, 0.375, 11.875], "texture": "#0"},
				"down": {"uv": [1.125, 11.875, 0.75, 12.25], "texture": "#0"}
			}
		},
		{
			"name": "upper half",
			"from": [6.25, 16, 2.25],
			"to": [9.25, 18, 5.25],
			"rotation": {"angle": 0, "axis": "y", "origin": [7.75, 16.25, 3.75]},
			"faces": {
				"north": {"uv": [0.375, 11.375, 0.75, 11.625], "texture": "#0"},
				"east": {"uv": [0, 11.375, 0.375, 11.625], "texture": "#0"},
				"south": {"uv": [1.125, 11.375, 1.5, 11.625], "texture": "#0"},
				"west": {"uv": [0.75, 11.375, 1.125, 11.625], "texture": "#0"},
				"up": {"uv": [0.75, 11.375, 0.375, 11], "texture": "#0"},
				"down": {"uv": [1.125, 11, 0.75, 11.375], "texture": "#0"}
			}
		},
		{
			"name": "bottom half",
			"from": [6.25, 15, 2.25],
			"to": [9.25, 16, 5.25],
			"rotation": {"angle": 0, "axis": "y", "origin": [7.75, 16.25, 3.75]},
			"faces": {
				"north": {"uv": [0.375, 12.25, 0.75, 12.375], "texture": "#0"},
				"east": {"uv": [0, 12.25, 0.375, 12.375], "texture": "#0"},
				"south": {"uv": [1.125, 12.25, 1.5, 12.375], "texture": "#0"},
				"west": {"uv": [0.75, 12.25, 1.125, 12.375], "texture": "#0"},
				"up": {"uv": [0.75, 12.25, 0.375, 11.875], "texture": "#0"},
				"down": {"uv": [1.125, 11.875, 0.75, 12.25], "texture": "#0"}
			}
		},
		{
			"name": "upper half",
			"from": [8.25, 13, 1.25],
			"to": [11.25, 15, 4.25],
			"rotation": {"angle": 0, "axis": "y", "origin": [9.75, 13.25, 2.75]},
			"faces": {
				"north": {"uv": [0.375, 11.375, 0.75, 11.625], "texture": "#0"},
				"east": {"uv": [0, 11.375, 0.375, 11.625], "texture": "#0"},
				"south": {"uv": [1.125, 11.375, 1.5, 11.625], "texture": "#0"},
				"west": {"uv": [0.75, 11.375, 1.125, 11.625], "texture": "#0"},
				"up": {"uv": [0.75, 11.375, 0.375, 11], "texture": "#0"},
				"down": {"uv": [1.125, 11, 0.75, 11.375], "texture": "#0"}
			}
		},
		{
			"name": "bottom half",
			"from": [8.25, 12, 1.25],
			"to": [11.25, 13, 4.25],
			"rotation": {"angle": 0, "axis": "y", "origin": [9.75, 13.25, 2.75]},
			"faces": {
				"north": {"uv": [0.375, 12.25, 0.75, 12.375], "texture": "#0"},
				"east": {"uv": [0, 12.25, 0.375, 12.375], "texture": "#0"},
				"south": {"uv": [1.125, 12.25, 1.5, 12.375], "texture": "#0"},
				"west": {"uv": [0.75, 12.25, 1.125, 12.375], "texture": "#0"},
				"up": {"uv": [0.75, 12.25, 0.375, 11.875], "texture": "#0"},
				"down": {"uv": [1.125, 11.875, 0.75, 12.25], "texture": "#0"}
			}
		},
		{
			"name": "upper half",
			"from": [4, 13, 1],
			"to": [7, 15, 4],
			"rotation": {"angle": 22.5, "axis": "y", "origin": [5.5, 13.25, 2.5]},
			"faces": {
				"north": {"uv": [0.375, 11.375, 0.75, 11.625], "texture": "#0"},
				"east": {"uv": [0, 11.375, 0.375, 11.625], "texture": "#0"},
				"south": {"uv": [1.125, 11.375, 1.5, 11.625], "texture": "#0"},
				"west": {"uv": [0.75, 11.375, 1.125, 11.625], "texture": "#0"},
				"up": {"uv": [0.75, 11.375, 0.375, 11], "texture": "#0"},
				"down": {"uv": [1.125, 11, 0.75, 11.375], "texture": "#0"}
			}
		},
		{
			"name": "bottom half",
			"from": [4, 12, 1],
			"to": [7, 13, 4],
			"rotation": {"angle": 22.5, "axis": "y", "origin": [5.5, 13.25, 2.5]},
			"faces": {
				"north": {"uv": [0.375, 12.25, 0.75, 12.375], "texture": "#0"},
				"east": {"uv": [0, 12.25, 0.375, 12.375], "texture": "#0"},
				"south": {"uv": [1.125, 12.25, 1.5, 12.375], "texture": "#0"},
				"west": {"uv": [0.75, 12.25, 1.125, 12.375], "texture": "#0"},
				"up": {"uv": [0.75, 12.25, 0.375, 11.875], "texture": "#0"},
				"down": {"uv": [1.125, 11.875, 0.75, 12.25], "texture": "#0"}
			}
		},
		{
			"name": "upper half",
			"from": [10, 16, 12],
			"to": [13, 18, 15],
			"rotation": {"angle": 0, "axis": "y", "origin": [11.5, 16.25, 13.5]},
			"faces": {
				"north": {"uv": [0.375, 11.375, 0.75, 11.625], "texture": "#0"},
				"east": {"uv": [0, 11.375, 0.375, 11.625], "texture": "#0"},
				"south": {"uv": [1.125, 11.375, 1.5, 11.625], "texture": "#0"},
				"west": {"uv": [0.75, 11.375, 1.125, 11.625], "texture": "#0"},
				"up": {"uv": [0.75, 11.375, 0.375, 11], "texture": "#0"},
				"down": {"uv": [1.125, 11, 0.75, 11.375], "texture": "#0"}
			}
		},
		{
			"name": "bottom half",
			"from": [10, 15, 12],
			"to": [13, 16, 15],
			"rotation": {"angle": 0, "axis": "y", "origin": [11.5, 16.25, 13.5]},
			"faces": {
				"north": {"uv": [0.375, 12.25, 0.75, 12.375], "texture": "#0"},
				"east": {"uv": [0, 12.25, 0.375, 12.375], "texture": "#0"},
				"south": {"uv": [1.125, 12.25, 1.5, 12.375], "texture": "#0"},
				"west": {"uv": [0.75, 12.25, 1.125, 12.375], "texture": "#0"},
				"up": {"uv": [0.75, 12.25, 0.375, 11.875], "texture": "#0"},
				"down": {"uv": [1.125, 11.875, 0.75, 12.25], "texture": "#0"}
			}
		},
		{
			"name": "upper half",
			"from": [6, 16, 6.25],
			"to": [9, 18, 9.25],
			"rotation": {"angle": 0, "axis": "y", "origin": [7.5, 16.25, 7.75]},
			"faces": {
				"north": {"uv": [0.375, 11.375, 0.75, 11.625], "texture": "#0"},
				"east": {"uv": [0, 11.375, 0.375, 11.625], "texture": "#0"},
				"south": {"uv": [1.125, 11.375, 1.5, 11.625], "texture": "#0"},
				"west": {"uv": [0.75, 11.375, 1.125, 11.625], "texture": "#0"},
				"up": {"uv": [0.75, 11.375, 0.375, 11], "texture": "#0"},
				"down": {"uv": [1.125, 11, 0.75, 11.375], "texture": "#0"}
			}
		},
		{
			"name": "bottom half",
			"from": [6, 15, 6.25],
			"to": [9, 16, 9.25],
			"rotation": {"angle": 0, "axis": "y", "origin": [7.5, 16.25, 7.75]},
			"faces": {
				"north": {"uv": [0.375, 12.25, 0.75, 12.375], "texture": "#0"},
				"east": {"uv": [0, 12.25, 0.375, 12.375], "texture": "#0"},
				"south": {"uv": [1.125, 12.25, 1.5, 12.375], "texture": "#0"},
				"west": {"uv": [0.75, 12.25, 1.125, 12.375], "texture": "#0"},
				"up": {"uv": [0.75, 12.25, 0.375, 11.875], "texture": "#0"},
				"down": {"uv": [1.125, 11.875, 0.75, 12.25], "texture": "#0"}
			}
		},
		{
			"name": "upper half",
			"from": [11.75, 13, 4],
			"to": [14.75, 15, 7],
			"rotation": {"angle": 22.5, "axis": "y", "origin": [13.25, 13.25, 5.5]},
			"faces": {
				"north": {"uv": [0.375, 11.375, 0.75, 11.625], "texture": "#0"},
				"east": {"uv": [0, 11.375, 0.375, 11.625], "texture": "#0"},
				"south": {"uv": [1.125, 11.375, 1.5, 11.625], "texture": "#0"},
				"west": {"uv": [0.75, 11.375, 1.125, 11.625], "texture": "#0"},
				"up": {"uv": [0.75, 11.375, 0.375, 11], "texture": "#0"},
				"down": {"uv": [1.125, 11, 0.75, 11.375], "texture": "#0"}
			}
		},
		{
			"name": "bottom half",
			"from": [11.75, 12, 4],
			"to": [14.75, 13, 7],
			"rotation": {"angle": 22.5, "axis": "y", "origin": [13.25, 13.25, 5.5]},
			"faces": {
				"north": {"uv": [0.375, 12.25, 0.75, 12.375], "texture": "#0"},
				"east": {"uv": [0, 12.25, 0.375, 12.375], "texture": "#0"},
				"south": {"uv": [1.125, 12.25, 1.5, 12.375], "texture": "#0"},
				"west": {"uv": [0.75, 12.25, 1.125, 12.375], "texture": "#0"},
				"up": {"uv": [0.75, 12.25, 0.375, 11.875], "texture": "#0"},
				"down": {"uv": [1.125, 11.875, 0.75, 12.25], "texture": "#0"}
			}
		},
		{
			"name": "upper half",
			"from": [1.75, 16, 4],
			"to": [4.75, 18, 7],
			"rotation": {"angle": 22.5, "axis": "y", "origin": [3.25, 16.25, 5.5]},
			"faces": {
				"north": {"uv": [0.375, 11.375, 0.75, 11.625], "texture": "#0"},
				"east": {"uv": [0, 11.375, 0.375, 11.625], "texture": "#0"},
				"south": {"uv": [1.125, 11.375, 1.5, 11.625], "texture": "#0"},
				"west": {"uv": [0.75, 11.375, 1.125, 11.625], "texture": "#0"},
				"up": {"uv": [0.75, 11.375, 0.375, 11], "texture": "#0"},
				"down": {"uv": [1.125, 11, 0.75, 11.375], "texture": "#0"}
			}
		},
		{
			"name": "bottom half",
			"from": [1.75, 15, 4],
			"to": [4.75, 16, 7],
			"rotation": {"angle": 22.5, "axis": "y", "origin": [3.25, 16.25, 5.5]},
			"faces": {
				"north": {"uv": [0.375, 12.25, 0.75, 12.375], "texture": "#0"},
				"east": {"uv": [0, 12.25, 0.375, 12.375], "texture": "#0"},
				"south": {"uv": [1.125, 12.25, 1.5, 12.375], "texture": "#0"},
				"west": {"uv": [0.75, 12.25, 1.125, 12.375], "texture": "#0"},
				"up": {"uv": [0.75, 12.25, 0.375, 11.875], "texture": "#0"},
				"down": {"uv": [1.125, 11.875, 0.75, 12.25], "texture": "#0"}
			}
		},
		{
			"name": "upper half",
			"from": [6, 13, 9.25],
			"to": [9, 15, 12.25],
			"rotation": {"angle": 22.5, "axis": "y", "origin": [7.5, 13.25, 10.75]},
			"faces": {
				"north": {"uv": [0.375, 11.375, 0.75, 11.625], "texture": "#0"},
				"east": {"uv": [0, 11.375, 0.375, 11.625], "texture": "#0"},
				"south": {"uv": [1.125, 11.375, 1.5, 11.625], "texture": "#0"},
				"west": {"uv": [0.75, 11.375, 1.125, 11.625], "texture": "#0"},
				"up": {"uv": [0.75, 11.375, 0.375, 11], "texture": "#0"},
				"down": {"uv": [1.125, 11, 0.75, 11.375], "texture": "#0"}
			}
		},
		{
			"name": "bottom half",
			"from": [6, 12, 9.25],
			"to": [9, 13, 12.25],
			"rotation": {"angle": 22.5, "axis": "y", "origin": [7.5, 13.25, 10.75]},
			"faces": {
				"north": {"uv": [0.375, 12.25, 0.75, 12.375], "texture": "#0"},
				"east": {"uv": [0, 12.25, 0.375, 12.375], "texture": "#0"},
				"south": {"uv": [1.125, 12.25, 1.5, 12.375], "texture": "#0"},
				"west": {"uv": [0.75, 12.25, 1.125, 12.375], "texture": "#0"},
				"up": {"uv": [0.75, 12.25, 0.375, 11.875], "texture": "#0"},
				"down": {"uv": [1.125, 11.875, 0.75, 12.25], "texture": "#0"}
			}
		},
		{
			"name": "upper half",
			"from": [8.85, 13, 11.3],
			"to": [11.85, 15, 14.3],
			"rotation": {"angle": 22.5, "axis": "y", "origin": [10.35, 13.25, 12.8]},
			"faces": {
				"north": {"uv": [0.375, 11.375, 0.75, 11.625], "texture": "#0"},
				"east": {"uv": [0, 11.375, 0.375, 11.625], "texture": "#0"},
				"south": {"uv": [1.125, 11.375, 1.5, 11.625], "texture": "#0"},
				"west": {"uv": [0.75, 11.375, 1.125, 11.625], "texture": "#0"},
				"up": {"uv": [0.75, 11.375, 0.375, 11], "texture": "#0"},
				"down": {"uv": [1.125, 11, 0.75, 11.375], "texture": "#0"}
			}
		},
		{
			"name": "bottom half",
			"from": [8.85, 12, 11.3],
			"to": [11.85, 13, 14.3],
			"rotation": {"angle": 22.5, "axis": "y", "origin": [10.35, 13.25, 12.8]},
			"faces": {
				"north": {"uv": [0.375, 12.25, 0.75, 12.375], "texture": "#0"},
				"east": {"uv": [0, 12.25, 0.375, 12.375], "texture": "#0"},
				"south": {"uv": [1.125, 12.25, 1.5, 12.375], "texture": "#0"},
				"west": {"uv": [0.75, 12.25, 1.125, 12.375], "texture": "#0"},
				"up": {"uv": [0.75, 12.25, 0.375, 11.875], "texture": "#0"},
				"down": {"uv": [1.125, 11.875, 0.75, 12.25], "texture": "#0"}
			}
		},
		{
			"name": "upper half",
			"from": [3.25, 13, 6.75],
			"to": [6.25, 15, 9.75],
			"rotation": {"angle": -22.5, "axis": "y", "origin": [4.75, 13.25, 8.25]},
			"faces": {
				"north": {"uv": [0.375, 11.375, 0.75, 11.625], "texture": "#0"},
				"east": {"uv": [0, 11.375, 0.375, 11.625], "texture": "#0"},
				"south": {"uv": [1.125, 11.375, 1.5, 11.625], "texture": "#0"},
				"west": {"uv": [0.75, 11.375, 1.125, 11.625], "texture": "#0"},
				"up": {"uv": [0.75, 11.375, 0.375, 11], "texture": "#0"},
				"down": {"uv": [1.125, 11, 0.75, 11.375], "texture": "#0"}
			}
		},
		{
			"name": "bottom half",
			"from": [3.25, 12, 6.75],
			"to": [6.25, 13, 9.75],
			"rotation": {"angle": -22.5, "axis": "y", "origin": [4.75, 13.25, 8.25]},
			"faces": {
				"north": {"uv": [0.375, 12.25, 0.75, 12.375], "texture": "#0"},
				"east": {"uv": [0, 12.25, 0.375, 12.375], "texture": "#0"},
				"south": {"uv": [1.125, 12.25, 1.5, 12.375], "texture": "#0"},
				"west": {"uv": [0.75, 12.25, 1.125, 12.375], "texture": "#0"},
				"up": {"uv": [0.75, 12.25, 0.375, 11.875], "texture": "#0"},
				"down": {"uv": [1.125, 11.875, 0.75, 12.25], "texture": "#0"}
			}
		},
		{
			"name": "upper half",
			"from": [4, 16, 10],
			"to": [7, 18, 13],
			"rotation": {"angle": 22.5, "axis": "y", "origin": [5.5, 16.25, 11.5]},
			"faces": {
				"north": {"uv": [0.375, 11.375, 0.75, 11.625], "texture": "#0"},
				"east": {"uv": [0, 11.375, 0.375, 11.625], "texture": "#0"},
				"south": {"uv": [1.125, 11.375, 1.5, 11.625], "texture": "#0"},
				"west": {"uv": [0.75, 11.375, 1.125, 11.625], "texture": "#0"},
				"up": {"uv": [0.75, 11.375, 0.375, 11], "texture": "#0"},
				"down": {"uv": [1.125, 11, 0.75, 11.375], "texture": "#0"}
			}
		},
		{
			"name": "bottom half",
			"from": [4, 15, 10],
			"to": [7, 16, 13],
			"rotation": {"angle": 22.5, "axis": "y", "origin": [5.5, 16.25, 11.5]},
			"faces": {
				"north": {"uv": [0.375, 12.25, 0.75, 12.375], "texture": "#0"},
				"east": {"uv": [0, 12.25, 0.375, 12.375], "texture": "#0"},
				"south": {"uv": [1.125, 12.25, 1.5, 12.375], "texture": "#0"},
				"west": {"uv": [0.75, 12.25, 1.125, 12.375], "texture": "#0"},
				"up": {"uv": [0.75, 12.25, 0.375, 11.875], "texture": "#0"},
				"down": {"uv": [1.125, 11.875, 0.75, 12.25], "texture": "#0"}
			}
		},
		{
			"name": "upper half",
			"from": [9, 16, 8],
			"to": [12, 18, 11],
			"rotation": {"angle": 0, "axis": "y", "origin": [10.5, 16.25, 9.5]},
			"faces": {
				"north": {"uv": [0.375, 11.375, 0.75, 11.625], "texture": "#0"},
				"east": {"uv": [0, 11.375, 0.375, 11.625], "texture": "#0"},
				"south": {"uv": [1.125, 11.375, 1.5, 11.625], "texture": "#0"},
				"west": {"uv": [0.75, 11.375, 1.125, 11.625], "texture": "#0"},
				"up": {"uv": [0.75, 11.375, 0.375, 11], "texture": "#0"},
				"down": {"uv": [1.125, 11, 0.75, 11.375], "texture": "#0"}
			}
		},
		{
			"name": "bottom half",
			"from": [9, 15, 8],
			"to": [12, 16, 11],
			"rotation": {"angle": 0, "axis": "y", "origin": [10.5, 16.25, 9.5]},
			"faces": {
				"north": {"uv": [0.375, 12.25, 0.75, 12.375], "texture": "#0"},
				"east": {"uv": [0, 12.25, 0.375, 12.375], "texture": "#0"},
				"south": {"uv": [1.125, 12.25, 1.5, 12.375], "texture": "#0"},
				"west": {"uv": [0.75, 12.25, 1.125, 12.375], "texture": "#0"},
				"up": {"uv": [0.75, 12.25, 0.375, 11.875], "texture": "#0"},
				"down": {"uv": [1.125, 11.875, 0.75, 12.25], "texture": "#0"}
			}
		},
		{
			"name": "upper half",
			"from": [1, 13, 4],
			"to": [4, 15, 7],
			"rotation": {"angle": 0, "axis": "y", "origin": [2.5, 13.25, 5.5]},
			"faces": {
				"north": {"uv": [0.375, 11.375, 0.75, 11.625], "texture": "#0"},
				"east": {"uv": [0, 11.375, 0.375, 11.625], "texture": "#0"},
				"south": {"uv": [1.125, 11.375, 1.5, 11.625], "texture": "#0"},
				"west": {"uv": [0.75, 11.375, 1.125, 11.625], "texture": "#0"},
				"up": {"uv": [0.75, 11.375, 0.375, 11], "texture": "#0"},
				"down": {"uv": [1.125, 11, 0.75, 11.375], "texture": "#0"}
			}
		},
		{
			"name": "bottom half",
			"from": [1, 12, 4],
			"to": [4, 13, 7],
			"rotation": {"angle": 0, "axis": "y", "origin": [2.5, 13.25, 5.5]},
			"faces": {
				"north": {"uv": [0.375, 12.25, 0.75, 12.375], "texture": "#0"},
				"east": {"uv": [0, 12.25, 0.375, 12.375], "texture": "#0"},
				"south": {"uv": [1.125, 12.25, 1.5, 12.375], "texture": "#0"},
				"west": {"uv": [0.75, 12.25, 1.125, 12.375], "texture": "#0"},
				"up": {"uv": [0.75, 12.25, 0.375, 11.875], "texture": "#0"},
				"down": {"uv": [1.125, 11.875, 0.75, 12.25], "texture": "#0"}
			}
		},
		{
			"name": "pokeball dome red",
			"from": [0.5, 19, 0.5],
			"to": [15.5, 27, 15.5],
			"rotation": {"angle": 0, "axis": "y", "origin": [14.5, 12, 0.5]},
			"faces": {
				"north": {"uv": [1.875, 1.875, 3.75, 2.875], "texture": "#0"},
				"east": {"uv": [0, 1.875, 1.875, 2.875], "texture": "#0"},
				"south": {"uv": [5.625, 1.875, 7.5, 2.875], "texture": "#0"},
				"west": {"uv": [3.75, 1.875, 5.625, 2.875], "texture": "#0"},
				"up": {"uv": [3.75, 1.875, 1.875, 0], "texture": "#0"},
				"down": {"uv": [5.625, 0, 3.75, 1.875], "texture": "#0"}
			}
		},
		{
			"name": "pokeball dome white",
			"from": [0.5, 12, 0.5],
			"to": [15.5, 19, 15.5],
			"rotation": {"angle": 0, "axis": "y", "origin": [14.5, 4, 0.5]},
			"faces": {
				"north": {"uv": [9.75, 1.875, 11.625, 2.75], "texture": "#0"},
				"east": {"uv": [7.875, 1.875, 9.75, 2.75], "texture": "#0"},
				"south": {"uv": [13.5, 1.875, 15.375, 2.75], "texture": "#0"},
				"west": {"uv": [11.625, 1.875, 13.5, 2.75], "texture": "#0"},
				"up": {"uv": [11.625, 1.875, 9.75, 0], "texture": "#0"},
				"down": {"uv": [13.5, 0, 11.625, 1.875], "texture": "#0"}
			}
		},
		{
			"name": "pokeball center",
			"from": [6, 17, 0],
			"to": [10, 21, 1],
			"rotation": {"angle": 0, "axis": "y", "origin": [6, 17, 0]},
			"faces": {
				"north": {"uv": [0.125, 0.25, 0.625, 0.75], "texture": "#0"},
				"east": {"uv": [0, 0.25, 0.125, 0.75], "texture": "#0"},
				"south": {"uv": [0.75, 0.25, 1.25, 0.75], "texture": "#0"},
				"west": {"uv": [0.625, 0.25, 0.75, 0.75], "texture": "#0"},
				"up": {"uv": [0.625, 0.25, 0.125, 0.125], "texture": "#0"},
				"down": {"uv": [1.125, 0.125, 0.625, 0.25], "texture": "#0"}
			}
		},
		{
			"from": [1, 10, 1],
			"to": [15, 14, 15],
			"rotation": {"angle": 0, "axis": "y", "origin": [14, 0, 0]},
			"faces": {
				"north": {"uv": [1.75, 4.875, 3.5, 5.375], "texture": "#0"},
				"east": {"uv": [0, 4.875, 1.75, 5.375], "texture": "#0"},
				"south": {"uv": [5.25, 4.875, 7, 5.375], "texture": "#0"},
				"west": {"uv": [3.5, 4.875, 5.25, 5.375], "texture": "#0"},
				"up": {"uv": [3.5, 4.875, 1.75, 3.125], "texture": "#0"},
				"down": {"uv": [5.25, 3.125, 3.5, 4.875], "texture": "#0"}
			}
		},
		{
			"from": [1, 0, 4],
			"to": [15, 10, 15],
			"rotation": {"angle": 0, "axis": "y", "origin": [14, -10, 0]},
			"faces": {
				"north": {"uv": [11.125, 5.25, 12.875, 6.5], "texture": "#0"},
				"east": {"uv": [9.75, 5.25, 11.125, 6.5], "texture": "#0"},
				"south": {"uv": [14.25, 5.25, 16, 6.5], "texture": "#0"},
				"west": {"uv": [12.875, 5.25, 14.25, 6.5], "texture": "#0"},
				"up": {"uv": [12.875, 5.25, 11.125, 3.875], "texture": "#0"},
				"down": {"uv": [14.625, 3.875, 12.875, 5.25], "texture": "#0"}
			}
		},
		{
			"from": [1, 0, 1],
			"to": [5, 10, 4],
			"rotation": {"angle": 0, "axis": "y", "origin": [14, -10, 0]},
			"faces": {
				"north": {"uv": [0.375, 6.25, 0.875, 7.5], "texture": "#0"},
				"east": {"uv": [0, 6.25, 0.375, 7.5], "texture": "#0"},
				"south": {"uv": [1.25, 6.25, 1.75, 7.5], "texture": "#0"},
				"west": {"uv": [0.875, 6.25, 1.25, 7.5], "texture": "#0"},
				"up": {"uv": [0.875, 6.25, 0.375, 5.875], "texture": "#0"},
				"down": {"uv": [1.375, 5.875, 0.875, 6.25], "texture": "#0"}
			}
		},
		{
			"from": [5, 7, 1],
			"to": [11, 10, 4],
			"rotation": {"angle": 0, "axis": "y", "origin": [20, -10, 0]},
			"faces": {
				"north": {"uv": [0.375, 8.5, 1.125, 8.875], "texture": "#0"},
				"east": {"uv": [0, 8.5, 0.375, 8.875], "texture": "#0"},
				"south": {"uv": [1.5, 8.5, 2.25, 8.875], "texture": "#0"},
				"west": {"uv": [1.125, 8.5, 1.5, 8.875], "texture": "#0"},
				"up": {"uv": [1.125, 8.5, 0.375, 8.125], "texture": "#0"},
				"down": {"uv": [1.875, 8.125, 1.125, 8.5], "texture": "#0"}
			}
		},
		{
			"from": [5, 0, 1],
			"to": [11, 1, 4],
			"rotation": {"angle": 0, "axis": "y", "origin": [20, -17, 0]},
			"faces": {
				"north": {"uv": [0.375, 10.25, 1.125, 10.375], "texture": "#0"},
				"east": {"uv": [0, 10.25, 0.375, 10.375], "texture": "#0"},
				"south": {"uv": [1.5, 10.25, 2.25, 10.375], "texture": "#0"},
				"west": {"uv": [1.125, 10.25, 1.5, 10.375], "texture": "#0"},
				"up": {"uv": [1.125, 10.25, 0.375, 9.875], "texture": "#0"},
				"down": {"uv": [1.875, 9.875, 1.125, 10.25], "texture": "#0"}
			}
		},
		{
			"from": [11, 0, 1],
			"to": [15, 10, 4],
			"rotation": {"angle": 0, "axis": "y", "origin": [2, -10, 0]},
			"faces": {
				"north": {"uv": [0.875, 6.25, 0.375, 7.5], "texture": "#0"},
				"east": {"uv": [1.25, 6.25, 0.875, 7.5], "texture": "#0"},
				"south": {"uv": [1.75, 6.25, 1.25, 7.5], "texture": "#0"},
				"west": {"uv": [0.375, 6.25, 0, 7.5], "texture": "#0"},
				"up": {"uv": [0.375, 6.25, 0.875, 5.875], "texture": "#0"},
				"down": {"uv": [0.875, 5.875, 1.375, 6.25], "texture": "#0"}
			}
		},
		{
			"name": "crank",
			"from": [6, 9.25, -1],
			"to": [10, 13.25, 2],
			"rotation": {"angle": 0, "axis": "y", "origin": [6, 11.25, 0]},
			"faces": {
				"north": {"uv": [0.375, 1.25, 0.875, 1.75], "texture": "#0"},
				"east": {"uv": [0, 1.25, 0.375, 1.75], "texture": "#0"},
				"south": {"uv": [1.25, 1.25, 1.75, 1.75], "texture": "#0"},
				"west": {"uv": [0.875, 1.25, 1.25, 1.75], "texture": "#0"},
				"up": {"uv": [0.875, 1.25, 0.375, 0.875], "texture": "#0"},
				"down": {"uv": [1.375, 0.875, 0.875, 1.25], "texture": "#0"}
			}
		}
	],
	"display": {
		"thirdperson_righthand": {
			"scale": [0.27, 0.27, 0.27]
		},
		"thirdperson_lefthand": {
			"scale": [0.27, 0.27, 0.27]
		},
		"firstperson_righthand": {
			"rotation": [0, 128, 0],
			"translation": [2.25, 3, 0],
			"scale": [0.42, 0.42, 0.42]
		},
		"firstperson_lefthand": {
			"rotation": [0, 128, 0],
			"translation": [2.25, 3, 0],
			"scale": [0.42, 0.42, 0.42]
		},
		"ground": {
			"translation": [0, 2, 0],
			"scale": [0.38, 0.38, 0.38]
		},
		"gui": {
			"rotation": [22, 145, 0],
			"translation": [0, -2.75, 0],
			"scale": [0.46, 0.46, 0.46]
		},
		"fixed": {
			"translation": [0, -4.5, -3.5],
			"scale": [0.53, 0.53, 0.53]
		}
	},
	"groups": [
		{
			"name": "upper",
			"origin": [14.5, 14, 0.5],
			"color": 0,
			"children": [
				{
					"name": "group",
					"origin": [8, 8, 8],
					"color": 0,
					"children": [
						{
							"name": "gachaballs",
							"origin": [8, 8, 8],
							"color": 0,
							"children": [0, 1]
						},
						{
							"name": "gachaballs",
							"origin": [8, 8, 8],
							"color": 0,
							"children": [2, 3]
						},
						{
							"name": "gachaballs",
							"origin": [8, 8, 8],
							"color": 0,
							"children": [4, 5]
						},
						{
							"name": "gachaballs",
							"origin": [8, 8, 8],
							"color": 0,
							"children": [6, 7]
						},
						{
							"name": "gachaballs",
							"origin": [8, 8, 8],
							"color": 0,
							"children": [8, 9]
						},
						{
							"name": "gachaballs",
							"origin": [8, 8, 8],
							"color": 0,
							"children": [10, 11]
						},
						{
							"name": "gachaballs",
							"origin": [8, 8, 8],
							"color": 0,
							"children": [12, 13]
						},
						{
							"name": "gachaballs",
							"origin": [8, 8, 8],
							"color": 0,
							"children": [14, 15]
						},
						{
							"name": "gachaballs",
							"origin": [8, 8, 8],
							"color": 0,
							"children": [16, 17]
						},
						{
							"name": "gachaballs",
							"origin": [8, 8, 8],
							"color": 0,
							"children": [
								18,
								19,
								{
									"name": "gachaballs",
									"origin": [8, 8, 8],
									"color": 0,
									"children": [20, 21]
								}
							]
						},
						{
							"name": "gachaballs",
							"origin": [8, 8, 8],
							"color": 0,
							"children": [22, 23]
						},
						{
							"name": "gachaballs",
							"origin": [8, 8, 8],
							"color": 0,
							"children": [24, 25]
						},
						{
							"name": "gachaballs",
							"origin": [8, 8, 8],
							"color": 0,
							"children": [26, 27]
						},
						{
							"name": "gachaballs",
							"origin": [8, 8, 8],
							"color": 0,
							"children": [28, 29]
						},
						{
							"name": "gachaballs",
							"origin": [8, 8, 8],
							"color": 0,
							"children": [30, 31]
						},
						{
							"name": "gachaballs",
							"origin": [8, 8, 8],
							"color": 0,
							"children": [32, 33]
						}
					]
				},
				34,
				35,
				36
			]
		},
		{
			"name": "lower",
			"origin": [6, 11.25, 0],
			"color": 0,
			"children": [37, 38, 39, 40, 41, 42, 43]
		}
	]
}