{
    "variants": {
        "facing=north,half=lower": {
            "model": "gachamachine:block/gacha_machine_lower"
        },
        "facing=east,half=lower": {
            "model": "gachamachine:block/gacha_machine_lower",
            "y": 90
        },
        "facing=south,half=lower": {
            "model": "gachamachine:block/gacha_machine_lower",
            "y": 180
        },
        "facing=west,half=lower": {
            "model": "gachamachine:block/gacha_machine_lower",
            "y": 270
        },
        "facing=north,half=upper": {
            "model": "gachamachine:block/gacha_machine_upper"
        },
        "facing=east,half=upper": {
            "model": "gachamachine:block/gacha_machine_upper",
            "y": 90
        },
        "facing=south,half=upper": {
            "model": "gachamachine:block/gacha_machine_upper",
            "y": 180
        },
        "facing=west,half=upper": {
            "model": "gachamachine:block/gacha_machine_upper",
            "y": 270
        }
    }
}
